あんドーナツ,ところてん,152
あんドーナツ,みつまめ,158
あんドーナツ,オレンジピールチョコレート,125
あんドーナツ,クリームあんみつ,163
あんドーナツ,マンゴープリン,138
あんドーナツ,和栗のモンブラン,149
あんドーナツ,水ようかん,166
あんドーナツ,生シュークリーム,153
いちごのタルト,いもようかん,153
いちごのタルト,オレンジピールチョコレート,155
いちごのタルト,セサミクッキー,150
いちごのタルト,チョコチップクッキー,152
いちごのタルト,塩あんみつ,137
いちごのタルト,抹茶ロール,160
いちごのタルト,醤油団子,142
いもようかん,ごま団子,145
いもようかん,カスタードシュークリーム,140
いもようかん,フルーツロール,141
いもようかん,マカロン,146
うぐいすあんぱん,みつまめ,132
うぐいすあんぱん,イチゴのショートケーキ,114
うぐいすあんぱん,オレンジピールチョコレート,135
うぐいすあんぱん,カスタードプリン,163
うぐいすあんぱん,チョコチップクッキー,148
うぐいすあんぱん,ビターチョコレート,153
うぐいすあんぱん,マスクメロンシャーベット,160
うぐいすあんぱん,ミルクチョコレート,146
うぐいすあんぱん,リンゴのタルト,154
うぐいすあんぱん,焼きプリン,141
えびせん,いちごのタルト,137
えびせん,みつまめ,150
えびせん,イチゴのショートケーキ,164
えびせん,オレンジピールチョコレート,160
えびせん,カスタードプリン,140
えびせん,チョコチップクッキー,123
えびせん,焼きプリン,150
きんつば,フルーツロール,136
きんつば,和栗のモンブラン,156
ごま団子,うぐいすあんぱん,133
ごま団子,ねりようかん,158
ごま団子,カスタードシュークリーム,165
ごま団子,フルーツロール,161
ごま団子,ホワイトチョコレート,129
ごま団子,ミルフィーユ,155
ごま団子,焼きプリン,145
ごま団子,生シュークリーム,151
ごま団子,醤油団子,139
ところてん,きんつば,145
ところてん,ホワイトチョコレート,149
ところてん,マンゴープリン,164
ところてん,焼きプリン,146
ねりようかん,いちごのタルト,154
ねりようかん,えびせん,136
ねりようかん,みたらし団子,161
ねりようかん,オレンジピールチョコレート,154
ねりようかん,カスタードシュークリーム,158
ねりようかん,カスタードプリン,147
ねりようかん,フルーツロール,140
ねりようかん,ミルクプリン,157
ねりようかん,杏仁豆腐,124
みたらし団子,あんドーナツ,141
みたらし団子,ところてん,149
みたらし団子,オレンジピールチョコレート,147
みたらし団子,カスタードプリン,154
みたらし団子,マンゴーシャーベット,142
みたらし団子,ミルクプリン,125
みたらし団子,リンゴのタルト,147
みたらし団子,水ようかん,137
みたらし団子,醤油団子,158
みつまめ,いちごのタルト,145
みつまめ,ごま団子,136
みつまめ,イチゴのショートケーキ,144
みつまめ,カスタードシュークリーム,153
みつまめ,クリームあんみつ,141
みつまめ,チョコチップクッキー,149
みつまめ,ビターチョコレート,143
みつまめ,マカロン,151
みつまめ,ミルクチョコレート,162
みつまめ,和栗のモンブラン,167
みつまめ,塩あんみつ,135
みつまめ,抹茶ロール,148
イチゴのショートケーキ,ねりようかん,149
イチゴのショートケーキ,みつまめ,144
イチゴのショートケーキ,カスタードプリン,157
イチゴのショートケーキ,セサミクッキー,141
イチゴのショートケーキ,マンゴーシャーベット,154
イチゴのショートケーキ,マンゴープリン,144
イチゴのショートケーキ,ミルフィーユ,153
オレンジピールチョコレート,えびせん,160
オレンジピールチョコレート,カスタードシュークリーム,137
オレンジピールチョコレート,クリームあんみつ,126
オレンジピールチョコレート,ホワイトチョコレート,144
オレンジピールチョコレート,リンゴのタルト,145
オレンジピールチョコレート,和栗のモンブラン,149
オレンジピールチョコレート,抹茶ロール,157
オレンジピールチョコレート,杏仁豆腐,170
オレンジピールチョコレート,生シュークリーム,128
カスタードシュークリーム,あんドーナツ,141
カスタードシュークリーム,みたらし団子,149
カスタードシュークリーム,オレンジピールチョコレート,137
カスタードシュークリーム,マンゴープリン,127
カスタードシュークリーム,ミルクプリン,151
カスタードシュークリーム,醤油団子,127
カスタードプリン,いちごのタルト,114
カスタードプリン,ごま団子,160
カスタードプリン,みたらし団子,154
カスタードプリン,ホワイトチョコレート,171
カスタードプリン,マカロン,154
カスタードプリン,ミルクプリン,160
クリームあんみつ,うぐいすあんぱん,142
クリームあんみつ,ところてん,161
クリームあんみつ,みつまめ,141
クリームあんみつ,オレンジピールチョコレート,126
クリームあんみつ,セサミクッキー,146
クリームあんみつ,ホワイトチョコレート,127
クリームあんみつ,マンゴープリン,135
クリームあんみつ,水ようかん,147
クリームあんみつ,生シュークリーム,151
セサミクッキー,いもようかん,143
セサミクッキー,ごま団子,131
セサミクッキー,イチゴのショートケーキ,141
セサミクッキー,カスタードシュークリーム,133
セサミクッキー,カスタードプリン,156
セサミクッキー,マカロン,164
セサミクッキー,マンゴーシャーベット,145
セサミクッキー,抹茶ロール,153
チョコチップクッキー,えびせん,123
チョコチップクッキー,マスクメロンシャーベット,126
チョコチップクッキー,杏仁豆腐,130
ビターチョコレート,いもようかん,151
ビターチョコレート,うぐいすあんぱん,153
ビターチョコレート,ごま団子,150
ビターチョコレート,イチゴのショートケーキ,131
ビターチョコレート,クリームあんみつ,149
ビターチョコレート,マカロン,150
ビターチョコレート,マンゴーシャーベット,158
ビターチョコレート,ミルクチョコレート,128
ビターチョコレート,生シュークリーム,155
フルーツロール,みつまめ,151
フルーツロール,チョコチップクッキー,152
フルーツロール,リンゴのタルト,153
フルーツロール,和栗のモンブラン,138
ホワイトチョコレート,いもようかん,150
ホワイトチョコレート,きんつば,143
ホワイトチョコレート,オレンジピールチョコレート,144
ホワイトチョコレート,カスタードプリン,171
ホワイトチョコレート,ビターチョコレート,160
ホワイトチョコレート,ミルクチョコレート,151
ホワイトチョコレート,リンゴのタルト,147
マカロン,きんつば,145
マカロン,オレンジピールチョコレート,146
マカロン,カスタードシュークリーム,130
マカロン,セサミクッキー,164
マカロン,マンゴープリン,145
マカロン,水ようかん,122
マスクメロンシャーベット,ごま団子,146
マスクメロンシャーベット,ところてん,141
マスクメロンシャーベット,イチゴのショートケーキ,138
マスクメロンシャーベット,クリームあんみつ,151
マスクメロンシャーベット,チョコチップクッキー,126
マスクメロンシャーベット,マカロン,167
マスクメロンシャーベット,リンゴのタルト,174
マスクメロンシャーベット,和栗のモンブラン,141
マスクメロンシャーベット,水ようかん,142
マスクメロンシャーベット,生シュークリーム,138
マスクメロンシャーベット,醤油団子,147
マンゴーシャーベット,ミルフィーユ,147
マンゴーシャーベット,リンゴのタルト,153
マンゴーシャーベット,抹茶ロール,143
マンゴーシャーベット,醤油団子,152
マンゴープリン,いちごのタルト,159
マンゴープリン,いもようかん,148
マンゴープリン,うぐいすあんぱん,168
マンゴープリン,えびせん,160
マンゴープリン,杏仁豆腐,133
マンゴープリン,焼きプリン,142
ミルクチョコレート,みつまめ,162
ミルクチョコレート,オレンジピールチョコレート,135
ミルクチョコレート,クリームあんみつ,132
ミルクチョコレート,和栗のモンブラン,143
ミルクチョコレート,抹茶ロール,129
ミルクプリン,いもようかん,143
ミルクプリン,うぐいすあんぱん,144
ミルクプリン,きんつば,147
ミルクプリン,オレンジピールチョコレート,157
ミルクプリン,チョコチップクッキー,144
ミルクプリン,ビターチョコレート,147
ミルクプリン,ミルクチョコレート,166
ミルクプリン,焼きプリン,147
ミルフィーユ,うぐいすあんぱん,178
ミルフィーユ,ところてん,135
ミルフィーユ,みつまめ,137
ミルフィーユ,イチゴのショートケーキ,153
ミルフィーユ,カスタードシュークリーム,143
ミルフィーユ,ホワイトチョコレート,126
ミルフィーユ,水ようかん,153
ミルフィーユ,生シュークリーム,136
リンゴのタルト,うぐいすあんぱん,154
リンゴのタルト,ごま団子,138
リンゴのタルト,クリームあんみつ,148
リンゴのタルト,マカロン,156
リンゴのタルト,塩あんみつ,154
リンゴのタルト,抹茶ロール,170
リンゴのタルト,生シュークリーム,142
リンゴのタルト,醤油団子,161
和栗のモンブラン,あんドーナツ,149
和栗のモンブラン,えびせん,164
和栗のモンブラン,ところてん,162
和栗のモンブラン,みたらし団子,155
和栗のモンブラン,セサミクッキー,139
和栗のモンブラン,マンゴープリン,134
和栗のモンブラン,ミルクプリン,128
和栗のモンブラン,杏仁豆腐,143
和栗のモンブラン,水ようかん,127
塩あんみつ,いもようかん,152
塩あんみつ,みつまめ,135
塩あんみつ,セサミクッキー,135
塩あんみつ,抹茶ロール,139
抹茶ロール,うぐいすあんぱん,149
抹茶ロール,きんつば,169
抹茶ロール,イチゴのショートケーキ,163
抹茶ロール,フルーツロール,150
抹茶ロール,マンゴーシャーベット,143
抹茶ロール,塩あんみつ,139
杏仁豆腐,あんドーナツ,142
杏仁豆腐,ごま団子,164
杏仁豆腐,みたらし団子,171
杏仁豆腐,フルーツロール,146
杏仁豆腐,マカロン,134
杏仁豆腐,マスクメロンシャーベット,125
杏仁豆腐,ミルクプリン,163
杏仁豆腐,焼きプリン,140
杏仁豆腐,醤油団子,154
水ようかん,あんドーナツ,166
水ようかん,ねりようかん,162
水ようかん,イチゴのショートケーキ,165
水ようかん,ホワイトチョコレート,166
水ようかん,ミルクプリン,147
水ようかん,杏仁豆腐,138
水ようかん,焼きプリン,155
焼きプリン,いちごのタルト,138
焼きプリン,うぐいすあんぱん,141
焼きプリン,きんつば,163
焼きプリン,チョコチップクッキー,159
焼きプリン,マスクメロンシャーベット,130
生シュークリーム,ごま団子,151
生シュークリーム,カスタードプリン,145
生シュークリーム,チョコチップクッキー,139
生シュークリーム,フルーツロール,151
生シュークリーム,マカロン,140
醤油団子,いちごのタルト,142
醤油団子,うぐいすあんぱん,153
醤油団子,ごま団子,139
醤油団子,ねりようかん,141
醤油団子,イチゴのショートケーキ,158
醤油団子,クリームあんみつ,141
醤油団子,チョコチップクッキー,158
醤油団子,マカロン,156
醤油団子,ミルフィーユ,128
醤油団子,生シュークリーム,172
あんドーナツ,いもようかん,132
あんドーナツ,うぐいすあんぱん,154
あんドーナツ,ごま団子,137
あんドーナツ,カスタードシュークリーム,141
あんドーナツ,セサミクッキー,144
あんドーナツ,チョコチップクッキー,144
あんドーナツ,ホワイトチョコレート,138
あんドーナツ,マカロン,151
あんドーナツ,塩あんみつ,141
いちごのタルト,ごま団子,148
いちごのタルト,イチゴのショートケーキ,152
いちごのタルト,マカロン,163
いちごのタルト,マンゴーシャーベット,138
いちごのタルト,マンゴープリン,159
いちごのタルト,ミルフィーユ,160
いちごのタルト,杏仁豆腐,175
いもようかん,カスタードプリン,148
いもようかん,クリームあんみつ,128
いもようかん,マンゴーシャーベット,124
いもようかん,和栗のモンブラン,144
いもようかん,抹茶ロール,135
いもようかん,醤油団子,165
うぐいすあんぱん,ごま団子,133
うぐいすあんぱん,マカロン,140
うぐいすあんぱん,マンゴーシャーベット,143
うぐいすあんぱん,水ようかん,150
えびせん,いもようかん,150
えびせん,ごま団子,150
えびせん,セサミクッキー,131
えびせん,ビターチョコレート,158
えびせん,マカロン,149
えびせん,マンゴープリン,160
えびせん,ミルクチョコレート,141
きんつば,いちごのタルト,159
きんつば,えびせん,139
きんつば,イチゴのショートケーキ,148
きんつば,オレンジピールチョコレート,134
きんつば,カスタードシュークリーム,141
きんつば,クリームあんみつ,150
きんつば,ビターチョコレート,154
きんつば,ホワイトチョコレート,143
きんつば,ミルクチョコレート,157
きんつば,杏仁豆腐,159
ごま団子,あんドーナツ,137
ごま団子,いちごのタルト,148
ごま団子,クリームあんみつ,157
ごま団子,ビターチョコレート,150
ごま団子,マカロン,140
ごま団子,ミルクチョコレート,135
ごま団子,ミルクプリン,150
ごま団子,杏仁豆腐,164
ごま団子,水ようかん,178
ところてん,うぐいすあんぱん,145
ところてん,えびせん,153
ところてん,みたらし団子,149
ところてん,イチゴのショートケーキ,135
ところてん,カスタードシュークリーム,144
ところてん,セサミクッキー,161
ところてん,杏仁豆腐,123
ねりようかん,あんドーナツ,139
ねりようかん,ホワイトチョコレート,153
ねりようかん,焼きプリン,139
ねりようかん,醤油団子,141
みたらし団子,えびせん,166
みたらし団子,カスタードシュークリーム,149
みたらし団子,チョコチップクッキー,124
みたらし団子,塩あんみつ,138
みたらし団子,抹茶ロール,154
みたらし団子,杏仁豆腐,171
みつまめ,うぐいすあんぱん,132
みつまめ,ところてん,138
みつまめ,セサミクッキー,148
みつまめ,生シュークリーム,141
みつまめ,醤油団子,120
イチゴのショートケーキ,あんドーナツ,149
イチゴのショートケーキ,きんつば,148
イチゴのショートケーキ,ところてん,135
イチゴのショートケーキ,カスタードシュークリーム,157
イチゴのショートケーキ,チョコチップクッキー,159
イチゴのショートケーキ,ミルクプリン,144
イチゴのショートケーキ,水ようかん,165
イチゴのショートケーキ,焼きプリン,125
オレンジピールチョコレート,あんドーナツ,125
オレンジピールチョコレート,うぐいすあんぱん,135
オレンジピールチョコレート,きんつば,134
オレンジピールチョコレート,みたらし団子,147
オレンジピールチョコレート,ビターチョコレート,157
オレンジピールチョコレート,フルーツロール,113
オレンジピールチョコレート,ミルクチョコレート,135
オレンジピールチョコレート,ミルクプリン,157
オレンジピールチョコレート,塩あんみつ,146
カスタードシュークリーム,えびせん,151
カスタードシュークリーム,セサミクッキー,133
カスタードシュークリーム,チョコチップクッキー,145
カスタードシュークリーム,マスクメロンシャーベット,132
カスタードシュークリーム,塩あんみつ,131
カスタードシュークリーム,抹茶ロール,145
カスタードシュークリーム,杏仁豆腐,140
カスタードプリン,あんドーナツ,150
カスタードプリン,みつまめ,162
カスタードプリン,セサミクッキー,156
カスタードプリン,フルーツロール,150
カスタードプリン,マスクメロンシャーベット,152
クリームあんみつ,いちごのタルト,149
クリームあんみつ,きんつば,150
クリームあんみつ,みたらし団子,133
クリームあんみつ,ビターチョコレート,149
クリームあんみつ,ミルクチョコレート,132
クリームあんみつ,和栗のモンブラン,150
クリームあんみつ,塩あんみつ,146
セサミクッキー,みつまめ,148
セサミクッキー,オレンジピールチョコレート,137
セサミクッキー,チョコチップクッキー,145
セサミクッキー,フルーツロール,159
セサミクッキー,リンゴのタルト,138
セサミクッキー,塩あんみつ,135
チョコチップクッキー,うぐいすあんぱん,148
チョコチップクッキー,きんつば,144
チョコチップクッキー,みたらし団子,124
チョコチップクッキー,イチゴのショートケーキ,159
チョコチップクッキー,フルーツロール,152
チョコチップクッキー,ホワイトチョコレート,150
チョコチップクッキー,リンゴのタルト,156
チョコチップクッキー,焼きプリン,159
チョコチップクッキー,生シュークリーム,139
ビターチョコレート,ところてん,142
ビターチョコレート,みつまめ,143
ビターチョコレート,オレンジピールチョコレート,157
ビターチョコレート,チョコチップクッキー,163
ビターチョコレート,フルーツロール,150
ビターチョコレート,リンゴのタルト,131
ビターチョコレート,和栗のモンブラン,148
ビターチョコレート,水ようかん,148
ビターチョコレート,焼きプリン,148
フルーツロール,ごま団子,161
フルーツロール,イチゴのショートケーキ,141
フルーツロール,クリームあんみつ,167
フルーツロール,マカロン,137
フルーツロール,水ようかん,142
フルーツロール,焼きプリン,138
ホワイトチョコレート,えびせん,136
ホワイトチョコレート,ねりようかん,153
ホワイトチョコレート,マスクメロンシャーベット,150
ホワイトチョコレート,マンゴーシャーベット,137
ホワイトチョコレート,ミルフィーユ,126
ホワイトチョコレート,抹茶ロール,164
ホワイトチョコレート,杏仁豆腐,150
マカロン,えびせん,149
マカロン,ところてん,139
マカロン,カスタードプリン,154
マカロン,マンゴーシャーベット,139
マカロン,和栗のモンブラン,134
マカロン,杏仁豆腐,134
マカロン,焼きプリン,139
マスクメロンシャーベット,うぐいすあんぱん,160
マスクメロンシャーベット,オレンジピールチョコレート,154
マンゴーシャーベット,いもようかん,124
マンゴーシャーベット,ごま団子,161
マンゴーシャーベット,ねりようかん,159
マンゴーシャーベット,チョコチップクッキー,145
マンゴーシャーベット,マカロン,139
マンゴーシャーベット,マスクメロンシャーベット,130
マンゴーシャーベット,塩あんみつ,145
マンゴープリン,きんつば,144
マンゴープリン,イチゴのショートケーキ,144
マンゴープリン,セサミクッキー,149
マンゴープリン,ビターチョコレート,161
マンゴープリン,ホワイトチョコレート,168
マンゴープリン,ミルクチョコレート,138
マンゴープリン,ミルフィーユ,133
マンゴープリン,水ようかん,134
マンゴープリン,生シュークリーム,188
ミルクチョコレート,うぐいすあんぱん,146
ミルクチョコレート,きんつば,157
ミルクチョコレート,カスタードシュークリーム,131
ミルクチョコレート,マンゴーシャーベット,161
ミルクチョコレート,マンゴープリン,138
ミルクチョコレート,リンゴのタルト,125
ミルクチョコレート,塩あんみつ,141
ミルクチョコレート,生シュークリーム,143
ミルクプリン,ねりようかん,157
ミルクプリン,みつまめ,133
ミルクプリン,カスタードシュークリーム,151
ミルクプリン,クリームあんみつ,134
ミルクプリン,フルーツロール,158
ミルクプリン,ミルフィーユ,133
ミルクプリン,リンゴのタルト,150
ミルクプリン,生シュークリーム,139
ミルフィーユ,いもようかん,150
ミルフィーユ,きんつば,176
ミルフィーユ,ねりようかん,142
ミルフィーユ,クリームあんみつ,149
ミルフィーユ,マンゴープリン,133
ミルフィーユ,リンゴのタルト,134
ミルフィーユ,塩あんみつ,130
リンゴのタルト,チョコチップクッキー,156
リンゴのタルト,フルーツロール,153
リンゴのタルト,ホワイトチョコレート,147
リンゴのタルト,マスクメロンシャーベット,174
リンゴのタルト,和栗のモンブラン,152
和栗のモンブラン,きんつば,156
和栗のモンブラン,クリームあんみつ,150
和栗のモンブラン,マンゴーシャーベット,145
和栗のモンブラン,生シュークリーム,147
塩あんみつ,いちごのタルト,137
塩あんみつ,うぐいすあんぱん,141
塩あんみつ,ごま団子,138
塩あんみつ,カスタードシュークリーム,131
塩あんみつ,チョコチップクッキー,167
塩あんみつ,マカロン,135
塩あんみつ,マンゴープリン,172
塩あんみつ,ミルフィーユ,130
塩あんみつ,生シュークリーム,142
抹茶ロール,いちごのタルト,160
抹茶ロール,ところてん,122
抹茶ロール,みつまめ,148
抹茶ロール,カスタードシュークリーム,145
抹茶ロール,クリームあんみつ,146
抹茶ロール,チョコチップクッキー,149
抹茶ロール,ビターチョコレート,121
抹茶ロール,ミルクチョコレート,129
抹茶ロール,水ようかん,141
抹茶ロール,生シュークリーム,147
杏仁豆腐,カスタードプリン,154
杏仁豆腐,ホワイトチョコレート,150
杏仁豆腐,和栗のモンブラン,143
水ようかん,えびせん,129
水ようかん,みたらし団子,137
水ようかん,カスタードプリン,167
水ようかん,フルーツロール,142
水ようかん,ミルクチョコレート,155
水ようかん,ミルフィーユ,153
水ようかん,リンゴのタルト,146
水ようかん,醤油団子,161
焼きプリン,えびせん,150
焼きプリン,セサミクッキー,132
焼きプリン,ビターチョコレート,148
焼きプリン,マンゴーシャーベット,151
焼きプリン,マンゴープリン,142
焼きプリン,ミルクチョコレート,161
焼きプリン,抹茶ロール,136
焼きプリン,杏仁豆腐,140
焼きプリン,生シュークリーム,153
生シュークリーム,いちごのタルト,136
生シュークリーム,いもようかん,165
生シュークリーム,みつまめ,141
生シュークリーム,オレンジピールチョコレート,128
生シュークリーム,カスタードシュークリーム,149
生シュークリーム,マンゴーシャーベット,147
生シュークリーム,焼きプリン,153
生シュークリーム,醤油団子,172
醤油団子,あんドーナツ,141
醤油団子,みつまめ,120
醤油団子,オレンジピールチョコレート,155
醤油団子,カスタードシュークリーム,127
醤油団子,セサミクッキー,133
醤油団子,フルーツロール,155
醤油団子,ミルクプリン,161
醤油団子,和栗のモンブラン,133
あんドーナツ,ねりようかん,139
あんドーナツ,イチゴのショートケーキ,149
あんドーナツ,カスタードプリン,150
あんドーナツ,マンゴーシャーベット,129
あんドーナツ,ミルフィーユ,136
あんドーナツ,醤油団子,141
いちごのタルト,あんドーナツ,140
いちごのタルト,みつまめ,145
いちごのタルト,ビターチョコレート,140
いちごのタルト,フルーツロール,149
いちごのタルト,ホワイトチョコレート,137
いちごのタルト,マスクメロンシャーベット,144
いちごのタルト,ミルクチョコレート,145
いちごのタルト,ミルクプリン,144
いちごのタルト,生シュークリーム,136
いもようかん,うぐいすあんぱん,157
いもようかん,えびせん,150
いもようかん,イチゴのショートケーキ,171
いもようかん,セサミクッキー,143
いもようかん,チョコチップクッキー,156
いもようかん,ビターチョコレート,151
いもようかん,ホワイトチョコレート,150
いもようかん,ミルクチョコレート,138
いもようかん,杏仁豆腐,160
うぐいすあんぱん,あんドーナツ,154
うぐいすあんぱん,マンゴープリン,168
うぐいすあんぱん,和栗のモンブラン,148
うぐいすあんぱん,塩あんみつ,141
うぐいすあんぱん,醤油団子,153
えびせん,みたらし団子,166
えびせん,ミルフィーユ,126
えびせん,和栗のモンブラン,164
きんつば,あんドーナツ,146
きんつば,セサミクッキー,146
きんつば,マスクメロンシャーベット,180
きんつば,マンゴーシャーベット,146
きんつば,マンゴープリン,144
きんつば,ミルクプリン,147
きんつば,リンゴのタルト,150
きんつば,塩あんみつ,142
ごま団子,みつまめ,136
ごま団子,チョコチップクッキー,149
ごま団子,マンゴープリン,138
ごま団子,リンゴのタルト,138
ごま団子,塩あんみつ,138
ところてん,いちごのタルト,147
ところてん,いもようかん,149
ところてん,ねりようかん,113
ところてん,カスタードプリン,113
ところてん,クリームあんみつ,161
ところてん,マスクメロンシャーベット,141
ところてん,和栗のモンブラン,162
ところてん,抹茶ロール,122
ところてん,水ようかん,128
ところてん,醤油団子,151
ねりようかん,ごま団子,158
ねりようかん,イチゴのショートケーキ,149
ねりようかん,マカロン,157
ねりようかん,マンゴーシャーベット,159
ねりようかん,マンゴープリン,149
ねりようかん,リンゴのタルト,131
ねりようかん,抹茶ロール,168
ねりようかん,水ようかん,162
ねりようかん,生シュークリーム,135
みたらし団子,きんつば,135
みたらし団子,イチゴのショートケーキ,109
みたらし団子,クリームあんみつ,133
みたらし団子,ビターチョコレート,135
みたらし団子,マスクメロンシャーベット,142
みたらし団子,マンゴープリン,148
みたらし団子,ミルクチョコレート,140
みたらし団子,和栗のモンブラン,155
みたらし団子,焼きプリン,143
みつまめ,いもようかん,141
みつまめ,えびせん,150
みつまめ,カスタードプリン,162
みつまめ,ホワイトチョコレート,148
みつまめ,杏仁豆腐,137
イチゴのショートケーキ,えびせん,164
イチゴのショートケーキ,フルーツロール,141
イチゴのショートケーキ,マスクメロンシャーベット,138
イチゴのショートケーキ,リンゴのタルト,140
イチゴのショートケーキ,和栗のモンブラン,121
イチゴのショートケーキ,塩あんみつ,167
イチゴのショートケーキ,杏仁豆腐,142
オレンジピールチョコレート,いちごのタルト,155
オレンジピールチョコレート,ねりようかん,154
オレンジピールチョコレート,みつまめ,129
オレンジピールチョコレート,チョコチップクッキー,144
オレンジピールチョコレート,マンゴープリン,122
オレンジピールチョコレート,ミルフィーユ,159
オレンジピールチョコレート,水ようかん,145
カスタードシュークリーム,きんつば,141
カスタードシュークリーム,ところてん,144
カスタードシュークリーム,クリームあんみつ,145
カスタードシュークリーム,ビターチョコレート,141
カスタードシュークリーム,マンゴーシャーベット,151
カスタードシュークリーム,ミルクチョコレート,131
カスタードシュークリーム,焼きプリン,140
カスタードプリン,きんつば,154
カスタードプリン,チョコチップクッキー,130
カスタードプリン,ビターチョコレート,152
カスタードプリン,ミルクチョコレート,132
カスタードプリン,塩あんみつ,132
カスタードプリン,生シュークリーム,145
クリームあんみつ,いもようかん,128
クリームあんみつ,えびせん,160
クリームあんみつ,イチゴのショートケーキ,160
クリームあんみつ,チョコチップクッキー,144
クリームあんみつ,フルーツロール,167
クリームあんみつ,リンゴのタルト,148
クリームあんみつ,焼きプリン,126
クリームあんみつ,醤油団子,141
セサミクッキー,いちごのタルト,150
セサミクッキー,きんつば,146
セサミクッキー,クリームあんみつ,146
セサミクッキー,水ようかん,146
チョコチップクッキー,いもようかん,156
チョコチップクッキー,みつまめ,149
チョコチップクッキー,オレンジピールチョコレート,144
チョコチップクッキー,カスタードプリン,130
チョコチップクッキー,和栗のモンブラン,133
チョコチップクッキー,抹茶ロール,149
チョコチップクッキー,水ようかん,135
ビターチョコレート,いちごのタルト,140
ビターチョコレート,きんつば,154
ビターチョコレート,ねりようかん,140
ビターチョコレート,マスクメロンシャーベット,128
ビターチョコレート,塩あんみつ,143
ビターチョコレート,抹茶ロール,121
フルーツロール,あんドーナツ,150
フルーツロール,オレンジピールチョコレート,113
フルーツロール,セサミクッキー,159
フルーツロール,ミルクプリン,158
フルーツロール,塩あんみつ,143
フルーツロール,醤油団子,155
ホワイトチョコレート,あんドーナツ,138
ホワイトチョコレート,ところてん,149
ホワイトチョコレート,みたらし団子,154
ホワイトチョコレート,イチゴのショートケーキ,140
ホワイトチョコレート,セサミクッキー,157
ホワイトチョコレート,チョコチップクッキー,150
ホワイトチョコレート,ミルクプリン,146
ホワイトチョコレート,生シュークリーム,177
ホワイトチョコレート,醤油団子,130
マカロン,あんドーナツ,151
マカロン,うぐいすあんぱん,140
マカロン,みたらし団子,145
マカロン,チョコチップクッキー,144
マカロン,ホワイトチョコレート,157
マカロン,ミルクプリン,162
マカロン,リンゴのタルト,156
マカロン,抹茶ロール,148
マカロン,生シュークリーム,140
マカロン,醤油団子,156
マスクメロンシャーベット,あんドーナツ,145
マスクメロンシャーベット,えびせん,143
マスクメロンシャーベット,カスタードプリン,152
マスクメロンシャーベット,ビターチョコレート,128
マスクメロンシャーベット,マンゴープリン,158
マスクメロンシャーベット,杏仁豆腐,125
マンゴーシャーベット,ところてん,139
マンゴーシャーベット,みたらし団子,142
マンゴーシャーベット,みつまめ,128
マンゴーシャーベット,イチゴのショートケーキ,154
マンゴーシャーベット,セサミクッキー,145
マンゴーシャーベット,ビターチョコレート,158
マンゴーシャーベット,マンゴープリン,138
マンゴーシャーベット,ミルクチョコレート,161
マンゴーシャーベット,水ようかん,153
マンゴーシャーベット,焼きプリン,151
マンゴーシャーベット,生シュークリーム,147
マンゴープリン,あんドーナツ,138
マンゴープリン,みつまめ,152
マンゴープリン,カスタードプリン,131
マンゴープリン,ミルクプリン,137
ミルクチョコレート,あんドーナツ,137
ミルクチョコレート,いちごのタルト,145
ミルクチョコレート,えびせん,141
ミルクチョコレート,カスタードプリン,132
ミルクチョコレート,チョコチップクッキー,117
ミルクチョコレート,ビターチョコレート,128
ミルクチョコレート,ホワイトチョコレート,151
ミルクチョコレート,マスクメロンシャーベット,135
ミルクチョコレート,ミルクプリン,166
ミルクチョコレート,杏仁豆腐,137
ミルクチョコレート,水ようかん,155
ミルクプリン,あんドーナツ,151
ミルクプリン,いちごのタルト,144
ミルクプリン,ごま団子,150
ミルクプリン,ところてん,158
ミルクプリン,マカロン,162
ミルフィーユ,いちごのタルト,160
ミルフィーユ,えびせん,126
ミルフィーユ,みたらし団子,162
ミルフィーユ,チョコチップクッキー,150
ミルフィーユ,ビターチョコレート,130
ミルフィーユ,マスクメロンシャーベット,168
ミルフィーユ,ミルクチョコレート,148
ミルフィーユ,焼きプリン,151
ミルフィーユ,醤油団子,128
リンゴのタルト,あんドーナツ,126
リンゴのタルト,いちごのタルト,153
リンゴのタルト,えびせん,135
リンゴのタルト,オレンジピールチョコレート,145
リンゴのタルト,カスタードシュークリーム,154
リンゴのタルト,ビターチョコレート,131
リンゴのタルト,マンゴーシャーベット,153
リンゴのタルト,マンゴープリン,130
リンゴのタルト,ミルクプリン,150
和栗のモンブラン,みつまめ,167
和栗のモンブラン,オレンジピールチョコレート,149
和栗のモンブラン,ホワイトチョコレート,136
和栗のモンブラン,抹茶ロール,147
塩あんみつ,あんドーナツ,141
塩あんみつ,カスタードプリン,132
塩あんみつ,フルーツロール,143
塩あんみつ,ミルクプリン,140
抹茶ロール,あんドーナツ,151
抹茶ロール,いもようかん,135
抹茶ロール,ごま団子,150
抹茶ロール,マカロン,148
抹茶ロール,マスクメロンシャーベット,135
抹茶ロール,マンゴープリン,158
抹茶ロール,リンゴのタルト,170
杏仁豆腐,うぐいすあんぱん,141
杏仁豆腐,えびせん,140
杏仁豆腐,セサミクッキー,155
杏仁豆腐,マンゴーシャーベット,145
水ようかん,いちごのタルト,142
水ようかん,いもようかん,155
水ようかん,うぐいすあんぱん,150
水ようかん,きんつば,134
水ようかん,カスタードシュークリーム,154
水ようかん,マンゴーシャーベット,153
水ようかん,塩あんみつ,145
水ようかん,生シュークリーム,148
焼きプリン,あんドーナツ,152
焼きプリン,オレンジピールチョコレート,131
焼きプリン,カスタードプリン,150
焼きプリン,ホワイトチョコレート,144
焼きプリン,ミルクプリン,147
焼きプリン,醤油団子,146
生シュークリーム,きんつば,141
生シュークリーム,みたらし団子,129
生シュークリーム,セサミクッキー,136
生シュークリーム,ホワイトチョコレート,177
生シュークリーム,マスクメロンシャーベット,138
生シュークリーム,ミルフィーユ,136
生シュークリーム,和栗のモンブラン,147
生シュークリーム,塩あんみつ,142
生シュークリーム,杏仁豆腐,144
醤油団子,きんつば,138
醤油団子,ビターチョコレート,132
醤油団子,ホワイトチョコレート,130
醤油団子,マスクメロンシャーベット,147
醤油団子,ミルクチョコレート,146
醤油団子,杏仁豆腐,154
あんドーナツ,えびせん,128
あんドーナツ,みたらし団子,141
あんドーナツ,ビターチョコレート,154
あんドーナツ,フルーツロール,150
あんドーナツ,ミルクチョコレート,137
あんドーナツ,ミルクプリン,151
あんドーナツ,杏仁豆腐,142
いちごのタルト,きんつば,159
いちごのタルト,みたらし団子,136
いちごのタルト,クリームあんみつ,149
いちごのタルト,リンゴのタルト,153
いちごのタルト,和栗のモンブラン,152
いちごのタルト,焼きプリン,138
いもようかん,あんドーナツ,132
いもようかん,きんつば,159
いもようかん,ところてん,149
いもようかん,みたらし団子,149
いもようかん,オレンジピールチョコレート,139
いもようかん,マスクメロンシャーベット,149
いもようかん,マンゴープリン,148
いもようかん,ミルクプリン,143
いもようかん,水ようかん,155
うぐいすあんぱん,いちごのタルト,140
うぐいすあんぱん,えびせん,144
うぐいすあんぱん,ねりようかん,154
うぐいすあんぱん,カスタードシュークリーム,138
うぐいすあんぱん,クリームあんみつ,142
うぐいすあんぱん,セサミクッキー,133
うぐいすあんぱん,ホワイトチョコレート,135
うぐいすあんぱん,ミルフィーユ,178
うぐいすあんぱん,抹茶ロール,149
うぐいすあんぱん,杏仁豆腐,141
うぐいすあんぱん,生シュークリーム,162
えびせん,あんドーナツ,128
えびせん,うぐいすあんぱん,144
えびせん,ねりようかん,136
えびせん,クリームあんみつ,160
えびせん,ミルクプリン,146
えびせん,リンゴのタルト,135
えびせん,塩あんみつ,130
えびせん,抹茶ロール,149
えびせん,杏仁豆腐,140
えびせん,生シュークリーム,138
きんつば,ごま団子,143
きんつば,ところてん,145
きんつば,ねりようかん,125
きんつば,マカロン,145
きんつば,ミルフィーユ,176
きんつば,水ようかん,134
きんつば,醤油団子,138
ごま団子,きんつば,143
ごま団子,カスタードプリン,160
ごま団子,マスクメロンシャーベット,146
ごま団子,マンゴーシャーベット,161
ごま団子,抹茶ロール,150
ところてん,ごま団子,121
ところてん,オレンジピールチョコレート,154
ところてん,フルーツロール,154
ところてん,マカロン,139
ところてん,マンゴーシャーベット,139
ところてん,ミルフィーユ,135
ところてん,塩あんみつ,128
ねりようかん,いもようかん,146
ねりようかん,うぐいすあんぱん,154
ねりようかん,ところてん,113
ねりようかん,みつまめ,149
ねりようかん,チョコチップクッキー,151
ねりようかん,マスクメロンシャーベット,160
ねりようかん,塩あんみつ,166
みたらし団子,いちごのタルト,136
みたらし団子,いもようかん,149
みたらし団子,うぐいすあんぱん,154
みたらし団子,みつまめ,148
みたらし団子,セサミクッキー,145
みたらし団子,ホワイトチョコレート,154
みたらし団子,生シュークリーム,129
みつまめ,きんつば,148
みつまめ,ねりようかん,149
みつまめ,マスクメロンシャーベット,156
みつまめ,ミルフィーユ,137
みつまめ,リンゴのタルト,147
みつまめ,焼きプリン,161
イチゴのショートケーキ,うぐいすあんぱん,114
イチゴのショートケーキ,オレンジピールチョコレート,136
イチゴのショートケーキ,クリームあんみつ,160
イチゴのショートケーキ,ビターチョコレート,131
イチゴのショートケーキ,ホワイトチョコレート,140
イチゴのショートケーキ,ミルクチョコレート,143
イチゴのショートケーキ,抹茶ロール,163
イチゴのショートケーキ,生シュークリーム,159
イチゴのショートケーキ,醤油団子,158
オレンジピールチョコレート,いもようかん,139
オレンジピールチョコレート,ごま団子,158
オレンジピールチョコレート,カスタードプリン,150
オレンジピールチョコレート,セサミクッキー,137
オレンジピールチョコレート,マカロン,146
オレンジピールチョコレート,マスクメロンシャーベット,154
オレンジピールチョコレート,マンゴーシャーベット,151
オレンジピールチョコレート,焼きプリン,131
カスタードシュークリーム,いもようかん,140
カスタードシュークリーム,みつまめ,153
カスタードシュークリーム,イチゴのショートケーキ,157
カスタードシュークリーム,フルーツロール,147
カスタードシュークリーム,和栗のモンブラン,147
カスタードシュークリーム,水ようかん,154
カスタードプリン,いもようかん,148
カスタードプリン,えびせん,140
カスタードプリン,ところてん,113
カスタードプリン,イチゴのショートケーキ,157
カスタードプリン,オレンジピールチョコレート,150
カスタードプリン,カスタードシュークリーム,154
カスタードプリン,クリームあんみつ,154
カスタードプリン,マンゴーシャーベット,168
カスタードプリン,リンゴのタルト,123
カスタードプリン,和栗のモンブラン,115
カスタードプリン,杏仁豆腐,154
カスタードプリン,水ようかん,167
クリームあんみつ,ねりようかん,150
クリームあんみつ,カスタードプリン,154
クリームあんみつ,マンゴーシャーベット,140
クリームあんみつ,ミルフィーユ,149
クリームあんみつ,杏仁豆腐,129
セサミクッキー,あんドーナツ,144
セサミクッキー,うぐいすあんぱん,133
セサミクッキー,えびせん,131
セサミクッキー,みたらし団子,145
セサミクッキー,ホワイトチョコレート,157
セサミクッキー,マスクメロンシャーベット,139
セサミクッキー,マンゴープリン,149
セサミクッキー,ミルクプリン,136
セサミクッキー,杏仁豆腐,155
セサミクッキー,焼きプリン,132
セサミクッキー,生シュークリーム,136
チョコチップクッキー,ごま団子,149
チョコチップクッキー,ところてん,139
チョコチップクッキー,ねりようかん,151
チョコチップクッキー,カスタードシュークリーム,145
チョコチップクッキー,セサミクッキー,145
チョコチップクッキー,ビターチョコレート,163
チョコチップクッキー,マカロン,144
チョコチップクッキー,マンゴーシャーベット,145
チョコチップクッキー,マンゴープリン,149
チョコチップクッキー,ミルクチョコレート,117
チョコチップクッキー,ミルフィーユ,150
チョコチップクッキー,塩あんみつ,167
ビターチョコレート,あんドーナツ,154
ビターチョコレート,えびせん,158
ビターチョコレート,みたらし団子,135
ビターチョコレート,カスタードプリン,152
ビターチョコレート,セサミクッキー,142
ビターチョコレート,ホワイトチョコレート,160
ビターチョコレート,マンゴープリン,161
ビターチョコレート,ミルクプリン,147
ビターチョコレート,杏仁豆腐,140
フルーツロール,いちごのタルト,149
フルーツロール,えびせん,149
フルーツロール,ねりようかん,140
フルーツロール,ビターチョコレート,150
フルーツロール,ミルクチョコレート,158
フルーツロール,ミルフィーユ,143
フルーツロール,抹茶ロール,150
フルーツロール,杏仁豆腐,146
ホワイトチョコレート,いちごのタルト,137
ホワイトチョコレート,うぐいすあんぱん,135
ホワイトチョコレート,ごま団子,129
ホワイトチョコレート,カスタードシュークリーム,136
ホワイトチョコレート,マカロン,157
ホワイトチョコレート,水ようかん,166
マカロン,ごま団子,140
マカロン,ねりようかん,157
マカロン,フルーツロール,137
マカロン,マスクメロンシャーベット,167
マカロン,ミルフィーユ,144
マスクメロンシャーベット,いちごのタルト,144
マスクメロンシャーベット,きんつば,180
マスクメロンシャーベット,ねりようかん,160
マスクメロンシャーベット,セサミクッキー,139
マスクメロンシャーベット,ミルクチョコレート,135
マスクメロンシャーベット,ミルフィーユ,168
マンゴーシャーベット,いちごのタルト,138
マンゴーシャーベット,きんつば,146
マンゴーシャーベット,カスタードシュークリーム,151
マンゴーシャーベット,クリームあんみつ,140
マンゴーシャーベット,和栗のモンブラン,145
マンゴープリン,ごま団子,138
マンゴープリン,みたらし団子,148
マンゴープリン,オレンジピールチョコレート,122
マンゴープリン,チョコチップクッキー,149
マンゴープリン,マカロン,145
マンゴープリン,リンゴのタルト,130
マンゴープリン,塩あんみつ,172
マンゴープリン,抹茶ロール,158
ミルクチョコレート,ねりようかん,140
ミルクチョコレート,フルーツロール,158
ミルクチョコレート,ミルフィーユ,148
ミルクチョコレート,焼きプリン,161
ミルクチョコレート,醤油団子,146
ミルクプリン,みたらし団子,125
ミルクプリン,カスタードプリン,160
ミルクプリン,セサミクッキー,136
ミルクプリン,マスクメロンシャーベット,151
ミルクプリン,マンゴープリン,137
ミルクプリン,塩あんみつ,140
ミルクプリン,抹茶ロール,145
ミルクプリン,醤油団子,161
ミルフィーユ,カスタードプリン,139
ミルフィーユ,フルーツロール,143
ミルフィーユ,マンゴーシャーベット,147
ミルフィーユ,杏仁豆腐,161
リンゴのタルト,きんつば,150
リンゴのタルト,ねりようかん,131
リンゴのタルト,カスタードプリン,123
リンゴのタルト,セサミクッキー,138
リンゴのタルト,ミルクチョコレート,125
リンゴのタルト,ミルフィーユ,134
リンゴのタルト,焼きプリン,148
和栗のモンブラン,いもようかん,144
和栗のモンブラン,ごま団子,168
和栗のモンブラン,イチゴのショートケーキ,121
和栗のモンブラン,フルーツロール,138
和栗のモンブラン,マカロン,134
塩あんみつ,えびせん,130
塩あんみつ,みたらし団子,138
塩あんみつ,イチゴのショートケーキ,167
塩あんみつ,ビターチョコレート,143
塩あんみつ,マスクメロンシャーベット,136
塩あんみつ,ミルクチョコレート,141
塩あんみつ,リンゴのタルト,154
塩あんみつ,杏仁豆腐,148
塩あんみつ,焼きプリン,121
抹茶ロール,ねりようかん,168
抹茶ロール,カスタードプリン,162
抹茶ロール,ホワイトチョコレート,164
抹茶ロール,ミルフィーユ,145
抹茶ロール,焼きプリン,136
抹茶ロール,醤油団子,148
杏仁豆腐,いもようかん,160
杏仁豆腐,きんつば,159
杏仁豆腐,イチゴのショートケーキ,142
杏仁豆腐,オレンジピールチョコレート,170
杏仁豆腐,カスタードシュークリーム,140
杏仁豆腐,チョコチップクッキー,130
杏仁豆腐,マンゴープリン,133
杏仁豆腐,塩あんみつ,148
杏仁豆腐,抹茶ロール,131
水ようかん,みつまめ,152
水ようかん,クリームあんみつ,147
水ようかん,セサミクッキー,146
水ようかん,チョコチップクッキー,135
水ようかん,マンゴープリン,134
水ようかん,和栗のモンブラン,127
水ようかん,抹茶ロール,141
焼きプリン,ごま団子,145
焼きプリン,ところてん,146
焼きプリン,ねりようかん,139
焼きプリン,カスタードシュークリーム,140
焼きプリン,マカロン,139
焼きプリン,ミルフィーユ,151
焼きプリン,リンゴのタルト,148
焼きプリン,水ようかん,155
生シュークリーム,あんドーナツ,153
生シュークリーム,うぐいすあんぱん,162
生シュークリーム,えびせん,138
生シュークリーム,ところてん,156
生シュークリーム,ねりようかん,135
生シュークリーム,クリームあんみつ,151
生シュークリーム,ビターチョコレート,155
生シュークリーム,マンゴープリン,188
生シュークリーム,ミルクチョコレート,143
生シュークリーム,ミルクプリン,139
生シュークリーム,水ようかん,148
醤油団子,えびせん,148
醤油団子,ところてん,151
醤油団子,カスタードプリン,135
醤油団子,リンゴのタルト,161
醤油団子,水ようかん,161
あんドーナツ,いちごのタルト,140
あんドーナツ,きんつば,146
あんドーナツ,マスクメロンシャーベット,145
あんドーナツ,リンゴのタルト,126
あんドーナツ,抹茶ロール,151
あんドーナツ,焼きプリン,152
いちごのタルト,うぐいすあんぱん,140
いちごのタルト,えびせん,137
いちごのタルト,ところてん,147
いちごのタルト,ねりようかん,154
いちごのタルト,カスタードシュークリーム,135
いちごのタルト,カスタードプリン,114
いちごのタルト,水ようかん,142
いもようかん,いちごのタルト,153
いもようかん,ねりようかん,146
いもようかん,みつまめ,141
いもようかん,ミルフィーユ,150
いもようかん,リンゴのタルト,130
いもようかん,塩あんみつ,152
いもようかん,焼きプリン,143
いもようかん,生シュークリーム,165
うぐいすあんぱん,いもようかん,157
うぐいすあんぱん,きんつば,138
うぐいすあんぱん,ところてん,145
うぐいすあんぱん,みたらし団子,154
うぐいすあんぱん,フルーツロール,129
うぐいすあんぱん,ミルクプリン,144
えびせん,きんつば,139
えびせん,ところてん,153
えびせん,カスタードシュークリーム,151
えびせん,フルーツロール,149
えびせん,ホワイトチョコレート,136
えびせん,マスクメロンシャーベット,143
えびせん,マンゴーシャーベット,167
えびせん,水ようかん,129
えびせん,醤油団子,148
きんつば,いもようかん,159
きんつば,うぐいすあんぱん,138
きんつば,みたらし団子,135
きんつば,みつまめ,148
きんつば,カスタードプリン,154
きんつば,チョコチップクッキー,144
きんつば,抹茶ロール,169
きんつば,焼きプリン,163
きんつば,生シュークリーム,141
ごま団子,いもようかん,145
ごま団子,えびせん,150
ごま団子,ところてん,121
ごま団子,みたらし団子,134
ごま団子,イチゴのショートケーキ,152
ごま団子,オレンジピールチョコレート,158
ごま団子,セサミクッキー,131
ごま団子,和栗のモンブラン,168
ところてん,あんドーナツ,152
ところてん,みつまめ,138
ところてん,チョコチップクッキー,139
ところてん,ビターチョコレート,142
ところてん,ミルクチョコレート,191
ところてん,ミルクプリン,158
ところてん,リンゴのタルト,145
ところてん,生シュークリーム,156
ねりようかん,きんつば,125
ねりようかん,クリームあんみつ,150
ねりようかん,セサミクッキー,141
ねりようかん,ビターチョコレート,140
ねりようかん,ミルクチョコレート,140
ねりようかん,ミルフィーユ,142
ねりようかん,和栗のモンブラン,147
みたらし団子,ごま団子,134
みたらし団子,ねりようかん,161
みたらし団子,フルーツロール,151
みたらし団子,マカロン,145
みたらし団子,ミルフィーユ,162
みつまめ,あんドーナツ,158
みつまめ,みたらし団子,148
みつまめ,オレンジピールチョコレート,129
みつまめ,フルーツロール,151
みつまめ,マンゴーシャーベット,128
みつまめ,マンゴープリン,152
みつまめ,ミルクプリン,133
みつまめ,水ようかん,152
イチゴのショートケーキ,いちごのタルト,152
イチゴのショートケーキ,いもようかん,171
イチゴのショートケーキ,ごま団子,152
イチゴのショートケーキ,みたらし団子,109
イチゴのショートケーキ,マカロン,143
オレンジピールチョコレート,ところてん,154
オレンジピールチョコレート,イチゴのショートケーキ,136
オレンジピールチョコレート,醤油団子,155
カスタードシュークリーム,いちごのタルト,135
カスタードシュークリーム,うぐいすあんぱん,138
カスタードシュークリーム,ごま団子,165
カスタードシュークリーム,ねりようかん,158
カスタードシュークリーム,カスタードプリン,154
カスタードシュークリーム,ホワイトチョコレート,136
カスタードシュークリーム,マカロン,130
カスタードシュークリーム,ミルフィーユ,143
カスタードシュークリーム,リンゴのタルト,154
カスタードシュークリーム,生シュークリーム,149
カスタードプリン,うぐいすあんぱん,163
カスタードプリン,ねりようかん,147
カスタードプリン,マンゴープリン,131
カスタードプリン,ミルフィーユ,139
カスタードプリン,抹茶ロール,162
カスタードプリン,焼きプリン,150
カスタードプリン,醤油団子,135
クリームあんみつ,あんドーナツ,163
クリームあんみつ,ごま団子,157
クリームあんみつ,カスタードシュークリーム,145
クリームあんみつ,マカロン,172
クリームあんみつ,マスクメロンシャーベット,151
クリームあんみつ,ミルクプリン,134
クリームあんみつ,抹茶ロール,146
セサミクッキー,ところてん,161
セサミクッキー,ねりようかん,141
セサミクッキー,ビターチョコレート,142
セサミクッキー,ミルクチョコレート,161
セサミクッキー,ミルフィーユ,152
セサミクッキー,和栗のモンブラン,139
セサミクッキー,醤油団子,133
チョコチップクッキー,あんドーナツ,144
チョコチップクッキー,いちごのタルト,152
チョコチップクッキー,クリームあんみつ,144
チョコチップクッキー,ミルクプリン,144
チョコチップクッキー,醤油団子,158
ビターチョコレート,カスタードシュークリーム,141
ビターチョコレート,ミルフィーユ,130
ビターチョコレート,醤油団子,132
フルーツロール,いもようかん,141
フルーツロール,うぐいすあんぱん,129
フルーツロール,きんつば,136
フルーツロール,ところてん,154
フルーツロール,みたらし団子,151
フルーツロール,カスタードシュークリーム,147
フルーツロール,カスタードプリン,150
フルーツロール,ホワイトチョコレート,153
フルーツロール,マスクメロンシャーベット,153
フルーツロール,マンゴーシャーベット,132
フルーツロール,マンゴープリン,151
フルーツロール,生シュークリーム,151
ホワイトチョコレート,みつまめ,148
ホワイトチョコレート,クリームあんみつ,127
ホワイトチョコレート,フルーツロール,153
ホワイトチョコレート,マンゴープリン,168
ホワイトチョコレート,和栗のモンブラン,136
ホワイトチョコレート,塩あんみつ,162
ホワイトチョコレート,焼きプリン,144
マカロン,いちごのタルト,163
マカロン,いもようかん,146
マカロン,みつまめ,151
マカロン,イチゴのショートケーキ,143
マカロン,クリームあんみつ,172
マカロン,ビターチョコレート,150
マカロン,ミルクチョコレート,152
マカロン,塩あんみつ,135
マスクメロンシャーベット,いもようかん,149
マスクメロンシャーベット,みたらし団子,142
マスクメロンシャーベット,みつまめ,156
マスクメロンシャーベット,カスタードシュークリーム,132
マスクメロンシャーベット,フルーツロール,153
マスクメロンシャーベット,ホワイトチョコレート,150
マスクメロンシャーベット,マンゴーシャーベット,130
マスクメロンシャーベット,ミルクプリン,151
マスクメロンシャーベット,塩あんみつ,136
マスクメロンシャーベット,抹茶ロール,135
マスクメロンシャーベット,焼きプリン,130
マンゴーシャーベット,あんドーナツ,129
マンゴーシャーベット,うぐいすあんぱん,143
マンゴーシャーベット,えびせん,167
マンゴーシャーベット,オレンジピールチョコレート,151
マンゴーシャーベット,カスタードプリン,168
マンゴーシャーベット,フルーツロール,132
マンゴーシャーベット,ホワイトチョコレート,137
マンゴーシャーベット,ミルクプリン,163
マンゴーシャーベット,杏仁豆腐,145
マンゴープリン,ところてん,164
マンゴープリン,ねりようかん,149
マンゴープリン,カスタードシュークリーム,127
マンゴープリン,クリームあんみつ,135
マンゴープリン,フルーツロール,151
マンゴープリン,マスクメロンシャーベット,158
マンゴープリン,マンゴーシャーベット,138
マンゴープリン,和栗のモンブラン,134
マンゴープリン,醤油団子,161
ミルクチョコレート,いもようかん,138
ミルクチョコレート,ごま団子,135
ミルクチョコレート,ところてん,191
ミルクチョコレート,みたらし団子,140
ミルクチョコレート,イチゴのショートケーキ,143
ミルクチョコレート,セサミクッキー,161
ミルクチョコレート,マカロン,152
ミルクプリン,えびせん,146
ミルクプリン,イチゴのショートケーキ,144
ミルクプリン,ホワイトチョコレート,146
ミルクプリン,マンゴーシャーベット,163
ミルクプリン,和栗のモンブラン,128
ミルクプリン,杏仁豆腐,163
ミルクプリン,水ようかん,147
ミルフィーユ,あんドーナツ,136
ミルフィーユ,ごま団子,155
ミルフィーユ,オレンジピールチョコレート,159
ミルフィーユ,セサミクッキー,152
ミルフィーユ,マカロン,144
ミルフィーユ,ミルクプリン,133
ミルフィーユ,和栗のモンブラン,158
ミルフィーユ,抹茶ロール,145
リンゴのタルト,いもようかん,130
リンゴのタルト,ところてん,145
リンゴのタルト,みたらし団子,147
リンゴのタルト,みつまめ,147
リンゴのタルト,イチゴのショートケーキ,140
リンゴのタルト,杏仁豆腐,133
リンゴのタルト,水ようかん,146
和栗のモンブラン,いちごのタルト,152
和栗のモンブラン,うぐいすあんぱん,148
和栗のモンブラン,ねりようかん,147
和栗のモンブラン,カスタードシュークリーム,147
和栗のモンブラン,カスタードプリン,115
和栗のモンブラン,チョコチップクッキー,133
和栗のモンブラン,ビターチョコレート,148
和栗のモンブラン,マスクメロンシャーベット,141
和栗のモンブラン,ミルクチョコレート,143
和栗のモンブラン,ミルフィーユ,158
和栗のモンブラン,リンゴのタルト,152
和栗のモンブラン,塩あんみつ,169
和栗のモンブラン,焼きプリン,154
和栗のモンブラン,醤油団子,133
塩あんみつ,きんつば,142
塩あんみつ,ところてん,128
塩あんみつ,ねりようかん,166
塩あんみつ,オレンジピールチョコレート,146
塩あんみつ,クリームあんみつ,146
塩あんみつ,ホワイトチョコレート,162
塩あんみつ,マンゴーシャーベット,145
塩あんみつ,和栗のモンブラン,169
塩あんみつ,水ようかん,145
塩あんみつ,醤油団子,160
抹茶ロール,えびせん,149
抹茶ロール,みたらし団子,154
抹茶ロール,オレンジピールチョコレート,157
抹茶ロール,セサミクッキー,153
抹茶ロール,ミルクプリン,145
抹茶ロール,和栗のモンブラン,147
抹茶ロール,杏仁豆腐,131
杏仁豆腐,いちごのタルト,175
杏仁豆腐,ところてん,123
杏仁豆腐,ねりようかん,124
杏仁豆腐,みつまめ,137
杏仁豆腐,クリームあんみつ,129
杏仁豆腐,ビターチョコレート,140
杏仁豆腐,ミルクチョコレート,137
杏仁豆腐,ミルフィーユ,161
杏仁豆腐,リンゴのタルト,133
杏仁豆腐,水ようかん,138
杏仁豆腐,生シュークリーム,144
水ようかん,ごま団子,178
水ようかん,ところてん,128
水ようかん,オレンジピールチョコレート,145
水ようかん,ビターチョコレート,148
水ようかん,マカロン,122
水ようかん,マスクメロンシャーベット,142
焼きプリン,いもようかん,143
焼きプリン,みたらし団子,143
焼きプリン,みつまめ,161
焼きプリン,イチゴのショートケーキ,125
焼きプリン,クリームあんみつ,126
焼きプリン,フルーツロール,138
焼きプリン,和栗のモンブラン,154
焼きプリン,塩あんみつ,121
生シュークリーム,イチゴのショートケーキ,159
生シュークリーム,リンゴのタルト,142
生シュークリーム,抹茶ロール,147
醤油団子,いもようかん,165
醤油団子,みたらし団子,158
醤油団子,マンゴーシャーベット,152
醤油団子,マンゴープリン,161
醤油団子,塩あんみつ,160
醤油団子,抹茶ロール,148
醤油団子,焼きプリン,146
